country_v117,all_waterbodies,all_twh,l1_waterbodies,l1_twh,core_l2_lower_waterbodies,core_l2_lower_twh,core_l2_upper_waterbodies,core_l2_upper_twh,conservative_l2_lower_waterbodies,conservative_l2_lower_twh,conservative_l2_upper_waterbodies,conservative_l2_upper_twh,core_l3_lower_waterbodies,core_l3_lower_twh,core_l3_upper_waterbodies,core_l3_upper_twh,conservative_l3_lower_waterbodies,conservative_l3_lower_twh,conservative_l3_upper_waterbodies,conservative_l3_upper_twh
Afghanistan,26,19.66226439674328,20,18.49319235359388,7,5.206281496384201,9,5.572154033867398,7,5.206281496384201,9,5.572154033867398,1,0.5341703367513622,2,1.0930868601664063,1,0.5341703367513622,2,1.0930868601664063
Albania,132,9.458145302145581,132,9.458145302145581,39,3.5451811864605243,96,4.14908050907981,35,2.8503946497373343,90,3.4448882423501246,20,2.4991748256547712,68,3.189047006074981,20,2.4991748256547712,67,3.186346207578702
Algeria,108,33.47511611381313,108,33.47511611381313,40,10.757819426583415,58,15.966668029603795,37,5.855275670806044,55,11.064124273826422,15,2.0630494219380533,40,13.33837570625259,14,2.0024786900221896,37,8.435831950475219
Angola,73,18.22860510152318,73,18.22860510152318,32,12.493945118928496,32,12.493945118928496,32,12.493945118928496,32,12.493945118928496,8,0.5606232213455528,16,11.380398206238345,8,0.5606232213455528,16,11.380398206238345
Antigua and Barbuda,2,0.08414960370417587,2,0.08414960370417587,0,0.0,0,0.0,0,0.0,0,0.0,0,0.0,0,0.0,0,0.0,0,0.0
Argentina,2379,291.88545204992624,2364,290.69182844309563,252,101.66385251453674,256,102.6795078697245,188,73.85948289019807,191,74.50023096892036,69,37.7183935468258,116,73.5494152767182,51,29.799070048825556,78,50.7622673384258
Armenia,18,4.9771142901858525,18,4.9771142901858525,7,0.278349580415832,13,0.48172194449919786,5,0.21762191988128637,10,0.35644309388736295,4,0.18136861836114024,11,0.4073380831606917,3,0.16391600517701357,9,0.346610422626146
Australia,2830,605.8104725966996,2830,605.8104725966996,166,47.768164543992945,199,50.48899862318582,134,27.69419541127279,167,30.415029490465667,99,22.9520286252926,181,42.04338192642651,85,16.915361936174047,153,29.21892807262335
Austria,93,5.507583021031387,93,5.507583021031387,29,1.41983237386984,43,2.305292688809662,14,0.31165333476742046,23,0.4906734324203955,25,1.272549743768365,43,2.305292688809662,12,0.26200498936781386,23,0.4906734324203955
Azerbaijan,76,17.20483391703824,76,17.20483391703824,37,5.897837352771238,39,6.891774643131343,29,1.2677070214405244,30,1.389017047067734,12,0.5369315711958336,18,4.674053817693927,12,0.5369315711958336,17,0.9050326586713235
Bangladesh,198,12.482929534081013,198,12.482929534081013,152,6.946726770063401,152,6.946726770063401,148,6.816190663567575,148,6.816190663567575,47,1.8488988584329515,86,4.356785130251196,47,1.8488988584329515,85,4.333950734215129
Belarus,258,13.792504459952696,258,13.792504459952696,98,4.850878398864447,99,5.197742955579132,95,4.780333548494738,96,5.127198105209423,72,3.743825858168863,91,4.998644935046198,71,3.696865778931526,90,4.951684855808861
Belgium,14,0.39287491178416134,14,0.39287491178416134,9,0.2522402180692336,9,0.2522402180692336,5,0.14300423395545914,5,0.14300423395545914,8,0.22304614835344752,9,0.2522402180692336,5,0.14300423395545914,5,0.14300423395545914
Belize,45,3.8830139400488544,45,3.8830139400488544,16,0.6168324834522985,16,0.6168324834522985,16,0.6168324834522985,16,0.6168324834522985,4,0.08152850787587504,4,0.08152850787587504,4,0.08152850787587504,4,0.08152850787587504
Benin,13,4.022634852773389,13,4.022634852773389,10,3.945232448905951,10,3.945232448905951,3,0.16877497278028708,3,0.16877497278028708,1,0.10748566249797066,2,0.14189902172058544,0,0.0,0,0.0
Bhutan,4,0.1415106591595688,1,0.08461659754049886,0,0.0,0,0.0,0,0.0,0,0.0,0,0.0,0,0.0,0,0.0,0,0.0
Bolivia,886,118.62659671267625,882,106.88201833127631,49,20.289722575698065,49,20.289722575698065,31,5.077886027080812,31,5.077886027080812,6,1.3898686920997254,10,3.2285811577842995,3,0.3289386346973717,5,2.1113124391886244
Bosnia and Herzegovina,34,4.739016097210812,34,4.739016097210812,22,2.0685146517486257,25,2.5613519472506905,16,1.2689876350327989,19,1.7618249305348637,15,1.7014558244317168,25,2.5613519472506905,9,0.9019288077158899,19,1.7618249305348637
Botswana,113,32.54436395710615,113,32.54436395710615,3,1.8112085256353456,3,1.8112085256353456,3,1.8112085256353456,3,1.8112085256353456,2,1.0158641560443717,3,1.8112085256353456,2,1.0158641560443717,3,1.8112085256353456
Brazil,3429,693.1808364130765,3429,693.1808364130765,871,349.5051153229565,1033,402.1940816394301,672,215.25433343327367,813,249.2119956274428,129,66.65150096215467,393,268.6657348863994,98,39.74241204320011,304,176.4501660371064
Brunei,6,0.3303190746332135,6,0.3303190746332135,0,0.0,2,0.0475009728775364,0,0.0,2,0.0475009728775364,0,0.0,2,0.0475009728775364,0,0.0,2,0.0475009728775364
Bulgaria,122,12.637886894071723,122,12.637886894071723,68,9.284580246657915,84,9.465564628075658,24,0.5829177446571977,31,0.6018793522502915,53,8.858040623196832,84,9.465564628075658,17,0.43219197178075425,31,0.6018793522502915
Burkina Faso,82,31.499709155122527,82,31.499709155122527,41,14.278180057523441,45,25.02147585024626,31,3.605412168939119,33,5.78392511701034,6,0.2686462941362702,14,5.849086034203247,5,0.24220977064639712,11,0.8461930903690899
Burundi,6,2.183514670889146,6,2.183514670889146,4,2.1077650937521777,4,2.1077650937521777,0,0.0,0,0.0,0,0.0,0,0.0,0,0.0,0,0.0
Cambodia,114,17.432120170765913,114,17.432120170765913,61,4.916694819089813,62,9.4023044513738,55,4.206685141094564,55,4.206685141094564,0,0.0,0,0.0,0,0.0,0,0.0
Cameroon,31,24.964486368461483,31,24.964486368461483,23,24.48216350881206,23,24.48216350881206,21,19.320412292701945,21,19.320412292701945,0,0.0,5,18.70175145950244,0,0.0,5,18.70175145950244
Canada,91719,5215.911092204138,12039,1209.7341059867806,803,69.19387339669305,849,76.62795553825329,778,62.14636328797778,821,67.41414868421262,423,25.485947205538107,674,54.5034861509396,411,24.682106615132597,650,48.09755498812118
Central African Republic,2,0.6047495748662778,2,0.6047495748662778,1,0.5825330024497517,1,0.5825330024497517,1,0.5825330024497517,1,0.5825330024497517,0,0.0,0,0.0,0,0.0,0,0.0
Chad,71,19.560290680283348,71,19.560290680283348,15,8.397782044233177,15,8.397782044233177,12,4.943901930855306,12,4.943901930855306,0,0.0,0,0.0,0,0.0,0,0.0
Chile,891,111.34687575581975,870,108.1569410457877,66,41.232609557430585,76,44.345144774706064,31,9.389766147809981,39,12.141827875124505,17,5.2562103444456065,34,12.643821563127151,8,4.995555786898516,20,8.408178396317028
China,9430,1342.049148066373,8632,1190.3503628316416,4205,616.9910525935094,6570,739.0464075071853,4145,601.8109357922852,6498,722.2549456862953,1169,181.39262873650907,2824,404.8122293752962,1160,176.70239816543526,2794,392.9195784523037
Colombia,733,84.73814270999125,733,84.73814270999125,344,57.7197154870026,356,63.92032752828927,286,44.68606432103439,294,46.00257091403862,31,8.547331121948783,97,23.655864351955525,21,3.0842013612859365,75,15.217598500282053
Costa Rica,9,3.508897053144742,9,3.508897053144742,1,0.017421032832577458,3,0.08613840162355413,0,0.0,1,0.035937240577074106,0,0.0,2,0.05020116104648003,0,0.0,0,0.0
Croatia,58,3.8998573875090567,58,3.8998573875090567,36,2.9045466079211435,38,2.9490678175887144,0,0.0,0,0.0,32,2.782944485656062,38,2.9490678175887144,0,0.0,0,0.0
Cuba,292,31.84681953015518,292,31.84681953015518,143,13.313064933808208,157,24.36046387378855,134,12.721446187774603,147,23.087556094116348,55,6.949971866969494,112,21.308282828512915,51,6.601680951124437,106,20.196596704686353
Cyprus,25,0.31137483259123233,25,0.31137483259123233,4,0.14579840678115888,18,0.2078150156708129,0,0.0,3,0.009866712112555544,2,0.04970830332658984,18,0.2078150156708129,0,0.0,3,0.009866712112555544
Czechia,135,6.752615061440014,135,6.752615061440014,78,3.3419427037392597,104,3.4523209948007896,43,1.6658202068820391,57,1.717890463326826,65,3.0837203402325994,104,3.4523209948007896,35,1.4876747474781429,57,1.717890463326826
Democratic Republic of the Congo,178,62.0722186473368,178,62.0722186473368,84,22.34986032008243,84,22.34986032008243,64,12.883694189681957,64,12.883694189681957,4,0.10451253136870063,14,5.744336069946595,4,0.10451253136870063,14,5.744336069946595
Denmark,1743,94.44629847736493,83,6.331056667383082,5,0.12010663232673652,5,0.12010663232673652,1,0.026467154225781418,1,0.026467154225781418,4,0.0936394781009551,4,0.0936394781009551,0,0.0,0,0.0
Djibouti,2,1.1355756778703712,2,1.1355756778703712,0,0.0,0,0.0,0,0.0,0,0.0,0,0.0,0,0.0,0,0.0,0,0.0
Dominican Republic,27,9.05092618311066,27,9.05092618311066,5,1.2078393818972517,7,1.717522215230039,4,0.6268690677480001,6,1.1365519010807872,2,0.49437687583233747,5,1.1741549380985774,2,0.49437687583233747,4,0.5931846239493257
Ecuador,275,16.4709830659498,275,16.4709830659498,129,9.16135880462719,131,9.521666540788935,112,8.076068650493479,114,8.436376386655224,10,3.4777307888813414,23,3.8195448755097416,5,2.763665752699445,7,2.7919365210890246
Egypt,79,50.114443351101215,79,50.114443351101215,65,22.013249338805455,65,22.013249338805455,52,13.633697948773383,52,13.633697948773383,25,2.869742321342832,59,20.557987404749838,25,2.869742321342832,47,12.208202936332976
El Salvador,11,9.940770868369118,11,9.940770868369118,8,7.557554408529098,8,7.557554408529098,2,1.4463199671606954,2,1.4463199671606954,2,4.747214072046021,5,5.939257224854525,0,0.0,1,0.25489659636263706
Eritrea,7,1.0748859627027902,7,1.0748859627027902,1,0.05152103527629137,2,0.05829341502199524,1,0.05152103527629137,2,0.05829341502199524,0,0.0,0,0.0,0,0.0,0,0.0
Estonia,45,3.3203587821334137,45,3.3203587821334137,11,0.24480021523165166,11,0.24480021523165166,6,0.13984324063640263,6,0.13984324063640263,11,0.24480021523165166,11,0.24480021523165166,6,0.13984324063640263,6,0.13984324063640263
Ethiopia,85,86.55755748687484,85,86.55755748687484,28,32.30153969741813,33,45.0608618750206,24,27.420118729527925,29,40.1794409071304,3,0.4719175695362668,18,20.114645757441608,3,0.4719175695362668,18,20.114645757441608
Faroe Islands,3,0.03685972261680359,3,0.03685972261680359,0,0.0,2,0.014967482775861763,0,0.0,2,0.014967482775861763,0,0.0,0,0.0,0,0.0,0,0.0
Fiji,3,0.10395888086578368,3,0.10395888086578368,0,0.0,0,0.0,0,0.0,0,0.0,0,0.0,0,0.0,0,0.0,0,0.0
Finland,2385,164.74853144558548,1742,125.22371301111603,269,10.782341162225018,273,11.21584489144831,185,5.399713978904459,189,5.833217708127751,265,10.722546809033659,272,11.207729911995774,182,5.348272959416481,188,5.8251027286752155
France,627,35.07635143159791,627,35.07635143159791,227,8.32087218094475,330,9.938556174101477,98,2.5456091289880685,157,3.161905446254447,189,6.017195604478271,329,9.930145811489314,79,2.1341270876433525,156,3.153495083642285
Gabon,61,19.733699839353417,61,19.733699839353417,5,0.2877146615634497,5,0.2877146615634497,0,0.0,0,0.0,0,0.0,0,0.0,0,0.0,0,0.0
Gambia,1,0.039579030329198614,1,0.039579030329198614,1,0.039579030329198614,1,0.039579030329198614,1,0.039579030329198614,1,0.039579030329198614,0,0.0,0,0.0,0,0.0,0,0.0
Georgia,33,4.858073827386756,33,4.858073827386756,17,2.1847775226443678,19,2.9422903692555713,14,1.7536902684345756,15,2.1135716954302532,6,1.3242111902768459,16,2.3904732705660243,5,1.1512889716277157,14,2.0917451411731265
Germany,568,21.062928624983137,568,21.062928624983137,272,7.011908628948498,326,7.355229878532879,40,0.6480572481215916,48,0.6677019986176133,258,6.691878398135813,326,7.355229878532879,38,0.6142316466857721,48,0.6677019986176133
Ghana,28,13.310082654352753,28,13.310082654352753,14,4.1145517248973285,14,4.1145517248973285,13,3.443678146727837,13,3.443678146727837,4,1.466465013634248,7,2.20757103037668,4,1.466465013634248,6,1.536697452207188
Greece,86,22.661944367615444,86,22.661944367615444,26,7.180767972438045,31,7.287697340092892,5,3.625416963418919,8,3.6871962228775756,18,6.5470033794061955,30,7.252303432630005,3,3.5372886408906346,8,3.6871962228775756
Greenland,2,2.1746755575258687,0,0.0,0,0.0,0,0.0,0,0.0,0,0.0,0,0.0,0,0.0,0,0.0,0,0.0
Guatemala,41,10.445152079060827,41,10.445152079060827,13,0.9833150813844985,14,0.9854295603509606,10,0.7385602146008713,11,0.7406746935673334,0,0.0,1,0.23001237329565374,0,0.0,1,0.23001237329565374
Guernsey,1,0.0021664577285773726,1,0.0021664577285773726,0,0.0,1,0.0021664577285773726,0,0.0,1,0.0021664577285773726,0,0.0,1,0.0021664577285773726,0,0.0,1,0.0021664577285773726
Guinea,5,4.32830329184111,5,4.32830329184111,4,1.4130900659409755,4,1.4130900659409755,2,0.1488745050443999,2,0.1488745050443999,1,0.0407700463550125,3,1.304985607251588,1,0.0407700463550125,1,0.0407700463550125
Guinea-Bissau,5,0.1650728723454021,5,0.1650728723454021,0,0.0,0,0.0,0,0.0,0,0.0,0,0.0,0,0.0,0,0.0,0,0.0
Guyana,18,0.9533778597902514,18,0.9533778597902514,4,0.2307725581058616,4,0.2307725581058616,4,0.2307725581058616,4,0.2307725581058616,0,0.0,0,0.0,0,0.0,0,0.0
Haiti,12,3.2150359559425756,12,3.2150359559425756,9,0.6699825546050587,10,1.2304896735316901,4,0.19983267761955015,4,0.19983267761955015,2,0.1193902286175658,7,1.0647691489394435,2,0.1193902286175658,3,0.17353460080171013
Honduras,60,15.383531367793273,60,15.383531367793273,6,9.12465759286544,6,9.12465759286544,3,0.07455053069099456,3,0.07455053069099456,0,0.0,2,7.195868564787774,0,0.0,0,0.0
Hong Kong S.A.R.,1,0.20477600271432952,1,0.20477600271432952,0,0.0,1,0.20477600271432952,0,0.0,0,0.0,0,0.0,1,0.20477600271432952,0,0.0,0,0.0
Hungary,87,11.721158779314557,87,11.721158779314557,47,5.775700905988779,50,5.892531469338642,22,0.4693297776960018,22,0.4693297776960018,39,4.498934117658594,50,5.892531469338642,20,0.43959353304159166,22,0.4693297776960018
Iceland,201,14.684410978523914,140,6.71463176859478,7,0.11534313906409088,7,0.11534313906409088,5,0.05422979986177145,5,0.05422979986177145,7,0.11534313906409088,7,0.11534313906409088,5,0.05422979986177145,5,0.05422979986177145
India,2359,490.8630492623799,2350,490.5224245709154,1171,361.94702233513254,1603,443.14838473359936,1132,337.5239938614422,1558,416.76751427359267,546,150.01840737757658,1484,426.1787543238012,534,144.5523492198106,1446,400.882870620729
Indonesia,769,100.81959444255278,769,100.81959444255278,380,66.27094863048656,403,70.72881227875311,363,50.148619592109654,386,54.60648324037621,58,12.929690741637641,174,33.01262060615615,57,12.770270176751787,168,32.445391656999966
Iran,174,82.43187132174019,174,82.43187132174019,34,25.477350732516445,76,42.575707517846844,31,24.41138352711339,69,38.63587316899553,10,7.21641824597603,42,21.717937758259843,10,7.21641824597603,39,20.906863170237635
Iraq,97,54.776623232584335,97,54.776623232584335,25,35.016520745382714,28,37.988701318590856,16,17.309275959725944,19,20.28145653293409,9,9.09356464974814,14,22.730447002043615,6,3.462337152767097,10,12.36407350114767
Ireland,113,12.377690575737523,113,12.377690575737523,42,6.254640258089642,44,6.3330502182694675,18,0.41134292743463413,20,0.4897528876144601,36,5.2106996643848085,44,6.3330502182694675,15,0.32671039601914725,20,0.4897528876144601
Israel,4,5.208928880753258,4,5.208928880753258,4,5.208928880753258,4,5.208928880753258,2,1.559986503672942,2,1.559986503672942,1,0.9615298202328073,3,2.521516323905749,0,0.0,2,1.559986503672942
Italy,428,43.27743445535665,428,43.27743445535665,178,15.647948308946942,259,21.235166093339867,85,3.0216130828263563,138,3.758690501171003,127,13.296582529760162,259,21.235166093339867,62,2.20486666892503,138,3.758690501171003
Ivory Coast,42,25.6485084091048,42,25.6485084091048,26,13.056819047160953,26,13.056819047160953,19,9.341796377591459,19,9.341796377591459,3,3.863862362144139,14,10.234454048660243,3,3.863862362144139,11,8.939490414363105
Jamaica,6,0.2951027696458659,6,0.2951027696458659,3,0.1139085685201631,4,0.11742617477539999,1,0.06504037861779752,1,0.06504037861779752,0,0.0,3,0.05238579615760248,0,0.0,0,0.0
Japan,691,38.714066463386544,691,38.714066463386544,225,5.3996252549499575,268,5.640891840807802,165,3.5335276278946246,203,3.7563379151655343,158,4.204877893839707,262,5.546597026271486,122,2.9873638936685,197,3.662043100629218
Jersey,3,0.0046582542430282994,3,0.0046582542430282994,0,0.0,3,0.0046582542430282994,0,0.0,2,0.0028454542792374846,0,0.0,3,0.0046582542430282994,0,0.0,2,0.0028454542792374846
Jordan,12,7.173914041655202,12,7.173914041655202,8,1.968301387153363,9,2.0010173704783454,6,1.905788813963084,7,1.9385047972880665,7,1.8496803123290315,9,2.0010173704783454,5,1.7871677391387526,7,1.9385047972880665
Kazakhstan,3450,357.0078014665956,2936,330.4755742106126,223,50.302258150041354,223,50.302258150041354,219,49.89536942049168,219,49.89536942049168,105,13.41208544396603,142,22.331418719019318,104,13.26611509118108,141,22.185448366234368
Kenya,45,18.131100669719487,45,18.131100669719487,22,7.893655736009407,25,7.912515058925292,17,5.026773717776351,18,5.04298124096171,2,0.5315482143888324,13,5.00648735888529,2,0.5315482143888324,10,4.592750396804721
Kiribati,22,1.0584630874232746,22,1.0584630874232746,0,0.0,0,0.0,0,0.0,0,0.0,0,0.0,0,0.0,0,0.0,0,0.0
Kosovo,4,0.6549929638497725,4,0.6549929638497725,4,0.6549929638497725,4,0.6549929638497725,3,0.33273326751830484,3,0.33273326751830484,3,0.46755060364753104,4,0.6549929638497725,2,0.14529090731606345,3,0.33273326751830484
Kuwait,1,0.028969109521591277,1,0.028969109521591277,1,0.028969109521591277,1,0.028969109521591277,1,0.028969109521591277,1,0.028969109521591277,1,0.028969109521591277,1,0.028969109521591277,1,0.028969109521591277,1,0.028969109521591277
Kyrgyzstan,33,18.92576566992636,23,11.872195147503394,16,7.4092061076523565,17,7.77469616491444,16,7.4092061076523565,17,7.77469616491444,7,5.826999445521522,10,6.304894216725865,7,5.826999445521522,10,6.304894216725865
Laos,21,22.562153850981918,21,22.562153850981918,9,4.843810720219354,14,16.539711071092665,7,0.3977206201461283,10,7.854322798744886,5,0.40752027800956137,11,12.549932219614842,4,0.2973770319809791,8,7.654923010548464
Latvia,131,7.997883300638684,131,7.997883300638684,35,1.8848894837388404,35,1.8848894837388404,31,1.8091280000782999,31,1.8091280000782999,26,1.6619298664200908,32,1.8255793993944427,23,1.6049541616102883,28,1.7498179157339024
Lebanon,2,0.2748974229813926,2,0.2748974229813926,1,0.2685199706505912,2,0.2748974229813926,0,0.0,1,0.00637745233080139,1,0.2685199706505912,2,0.2748974229813926,0,0.0,1,0.00637745233080139
Lesotho,7,3.1171035159516425,7,3.1171035159516425,6,3.109540085230045,6,3.109540085230045,5,1.313933266818236,5,1.313933266818236,3,0.04655445459314635,6,3.109540085230045,3,0.04655445459314635,5,1.313933266818236
Liberia,6,2.9594978652682933,6,2.9594978652682933,5,2.921579713335605,5,2.921579713335605,3,1.2291959325692832,3,1.2291959325692832,0,0.0,2,1.1957837610589452,0,0.0,1,1.1439249256257442
Libya,28,5.46209669299819,28,5.46209669299819,8,2.2379632654394883,10,3.129330207244347,8,2.2379632654394883,10,3.129330207244347,5,1.9262363483763192,10,3.129330207244347,5,1.9262363483763192,10,3.129330207244347
Lithuania,165,6.906223072654482,165,6.906223072654482,60,3.7841886514326224,61,3.8915277372464248,36,1.1383021736174697,37,1.245641259431272,55,3.533016217366184,61,3.8915277372464248,31,0.8871297395510312,37,1.245641259431272
Luxembourg,1,0.051069083258068054,1,0.051069083258068054,0,0.0,0,0.0,0,0.0,0,0.0,0,0.0,0,0.0,0,0.0,0,0.0
Madagascar,271,31.82699501574009,271,31.82699501574009,166,19.619010910081993,166,19.619010910081993,136,12.520711092942125,136,12.520711092942125,1,0.82574844504682,4,1.426328643404781,1,0.82574844504682,4,1.426328643404781
Malawi,15,15.20308491800845,15,15.20308491800845,8,5.398028886950776,9,5.520738730268385,7,0.4961047906188868,8,0.6188146339364965,0,0.0,0,0.0,0,0.0,0,0.0
Malaysia,66,29.409263359188934,66,29.409263359188934,41,8.881738377783542,51,11.862602492810423,33,5.738187117678119,41,8.123111626756137,10,0.6899315692933029,41,10.907745040140892,8,0.6497321256194152,32,7.196349308375747
Mali,110,28.311837688856293,110,28.311837688856293,19,10.374793212658455,19,10.374793212658455,6,5.405972473313393,6,5.405972473313393,0,0.0,1,5.1997428714315275,0,0.0,1,5.1997428714315275
Mauritania,22,12.07552966963902,22,12.07552966963902,6,5.513827236893896,6,5.513827236893896,6,5.513827236893896,6,5.513827236893896,2,0.063936268290174,5,0.15491022222453432,2,0.063936268290174,5,0.15491022222453432
Mauritius,7,0.4919314056888631,7,0.4919314056888631,6,0.3484526937551615,7,0.4919314056888631,5,0.31644155602567525,6,0.45992026795937685,2,0.05346486216788299,7,0.4919314056888631,1,0.02145372443839671,6,0.45992026795937685
Mexico,986,219.3310540034982,985,217.3189352051329,429,118.87391604201598,455,122.52703478639003,318,76.88750885223757,337,78.60792226891942,99,38.2783874221001,230,86.94718727379382,69,28.809275330776444,160,50.13499845447304
Moldova,26,2.175845505887875,26,2.175845505887875,20,2.0582994903403273,20,2.0582994903403273,9,0.22438063056986582,9,0.22438063056986582,16,1.8537728887051559,20,2.0582994903403273,9,0.22438063056986582,9,0.22438063056986582
Mongolia,388,87.60652390897177,121,62.75772870680602,7,6.445956351150565,7,6.445956351150565,7,6.445956351150565,7,6.445956351150565,4,1.3310639209612496,4,1.3310639209612496,4,1.3310639209612496,4,1.3310639209612496
Montenegro,12,2.226320500672079,12,2.226320500672079,6,1.6052007118839469,8,1.6510711114938768,3,1.3786450767838407,4,1.4064572981208447,4,0.653168909948177,7,1.6296704724953097,2,0.4480139138466379,4,1.4064572981208447
Morocco,62,25.127521089111905,62,25.127521089111905,32,20.06665732249652,45,23.432770848186586,18,10.989014055529502,26,12.298487017876688,12,9.19347544105672,43,23.229591045393132,3,1.3780168332715343,26,12.298487017876688
Mozambique,142,42.102280620460455,142,42.102280620460455,65,23.678125521989184,65,23.678125521989184,58,21.735544022540342,58,21.735544022540342,12,9.522998067236726,25,14.551943493095937,12,9.522998067236726,24,14.346041217756781
Myanmar,118,44.566343994705015,118,44.566343994705015,51,12.06159016281081,61,31.205887619593298,50,12.040785975660206,60,31.185083432442696,4,0.22015603405134387,11,10.044633685159832,3,0.19935184690073926,10,10.023829498009228
Namibia,49,12.604122091519056,49,12.604122091519056,8,7.303759461988091,10,7.350505399103134,4,5.764733322732502,6,5.811479259847545,1,0.007615819575477238,6,0.6258727545941603,1,0.007615819575477238,3,0.07116164762281701
Nepal,10,0.6372171414434836,8,0.523737740883081,4,0.1614466028014394,6,0.33486672706857984,2,0.07196220245668261,3,0.08861484313577934,2,0.06873766014407477,5,0.3182140863894831,1,0.016389904605134346,2,0.07196220245668261
Netherlands,91,16.029273535032033,91,16.029273535032033,37,1.1551540782296592,37,1.1551540782296592,4,0.0588876093061213,4,0.0588876093061213,32,1.067561993955849,34,1.0950466212295529,3,0.0364409054892218,3,0.0364409054892218
New Caledonia,1,1.5126769954504962,1,1.5126769954504962,0,0.0,0,0.0,0,0.0,0,0.0,0,0.0,0,0.0,0,0.0,0,0.0
New Zealand,182,53.31593238258644,182,53.31593238258644,33,4.050314560927943,36,4.056611354398731,33,4.050314560927943,36,4.056611354398731,29,3.9846367131373417,36,4.056611354398731,29,3.9846367131373417,36,4.056611354398731
Nicaragua,64,18.332119887818422,64,18.332119887818422,6,1.82920793060255,6,1.82920793060255,3,0.17376706329828345,3,0.17376706329828345,2,1.5553165306580343,3,1.5722269933991975,1,0.1336991686579112,2,0.1506096313990743
Niger,23,0.9327184453611688,23,0.9327184453611688,6,0.22093313193482977,6,0.22093313193482977,5,0.17852431664605672,5,0.17852431664605672,1,0.04240881528877305,1,0.04240881528877305,0,0.0,0,0.0
Nigeria,130,59.88507005993324,130,59.88507005993324,90,47.293189579599016,91,47.48558817185553,74,25.664408400637022,75,25.856806992893535,3,0.5971563853988427,18,16.67126356691266,2,0.3579600628071661,13,6.083294518702522
North Korea,86,14.455526803136474,86,14.455526803136474,79,10.772128864599368,82,14.202920283416471,79,10.772128864599368,82,14.202920283416471,45,4.860897307656872,65,11.590826041069134,45,4.860897307656872,65,11.590826041069134
North Macedonia,27,9.947230944197067,27,9.947230944197067,14,1.354631519940095,20,1.5019838258959095,11,0.8306032573732113,16,0.9493356911706069,7,0.671508854725756,18,1.4518277405728277,6,0.6664603317981429,14,0.8991796058475251
Northern Cyprus,2,0.005340920057607081,2,0.005340920057607081,0,0.0,2,0.005340920057607081,0,0.0,2,0.005340920057607081,0,0.0,2,0.005340920057607081,0,0.0,2,0.005340920057607081
Norway,2316,113.13109728135235,1447,66.82697257190468,199,4.777153503579377,206,4.945453341089903,192,4.646212731751773,199,4.814512569262299,158,4.01180558568434,178,4.549224394366146,154,3.9260927018941185,172,4.430504280427668
Oman,2,0.1935752088938838,2,0.1935752088938838,0,0.0,0,0.0,0,0.0,0,0.0,0,0.0,0,0.0,0,0.0,0,0.0
Pakistan,149,44.19160504732239,143,43.925063576942804,79,18.74227797365872,98,29.95666418955024,65,17.964541287654114,83,29.152506977272797,22,11.486011592503752,48,16.74748795735837,21,11.355087559678587,46,16.57163688045467
Panama,23,11.277805153486463,23,11.277805153486463,8,0.737657878937675,10,1.1764625486676512,7,0.663100456492257,8,0.7541021693454644,3,0.07714697473942456,9,1.1225483203969782,3,0.07714697473942456,7,0.7001879410747914
Papua New Guinea,226,25.692312424651323,226,25.692312424651323,48,12.255067482764382,48,12.255067482764382,45,10.523342051061622,45,10.523342051061622,1,0.04744007603678932,3,1.2539192034289364,1,0.04744007603678932,3,1.2539192034289364
Paraguay,52,13.383360790396859,52,13.383360790396859,4,0.514101444556591,4,0.514101444556591,4,0.514101444556591,4,0.514101444556591,0,0.0,2,0.47541915035857585,0,0.0,2,0.47541915035857585
Peru,488,55.280383572571665,488,55.280383572571665,105,15.977964298888466,105,15.977964298888466,91,10.29636561765691,91,10.29636561765691,17,2.7378913998137766,43,9.765435933798102,14,2.4273095437213428,37,4.341349620185458
Philippines,151,27.616524762993713,151,27.616524762993713,122,26.27892336864167,123,26.299388623509994,100,13.703342006358644,100,13.703342006358644,41,9.593606570376352,74,21.735240474156534,38,9.500384268833841,64,11.568258572793646
Poland,570,27.887291050431827,570,27.887291050431827,440,17.771552989632664,451,18.998206630944214,71,2.1583797465157137,74,2.396797320932288,413,16.960379246796126,451,18.998206630944214,66,2.056304855278669,74,2.396797320932288
Portugal,114,17.98698152025663,114,17.98698152025663,58,12.766463622283572,79,13.759465714996937,37,5.798002554583757,50,6.512526387702177,39,9.137564364989368,77,13.679335763339944,25,2.8175388674460793,50,6.512526387702177
Puerto Rico,3,0.05371751037051044,3,0.05371751037051044,0,0.0,3,0.05371751037051044,0,0.0,1,0.0006498010686435186,0,0.0,3,0.05371751037051044,0,0.0,1,0.0006498010686435186
Republic of Serbia,86,9.837283370935513,86,9.837283370935513,45,1.54520281980169,54,1.6387909025485168,31,1.0226602680709818,40,1.1162483508178085,29,1.00718594070956,50,1.5914753276634324,20,0.6993390700491694,37,1.0782521303011408
Republic of the Congo,21,5.265068791713157,21,5.265068791713157,3,0.274440980666804,3,0.274440980666804,1,0.02347369119151957,1,0.02347369119151957,2,0.10343711668134589,3,0.274440980666804,1,0.02347369119151957,1,0.02347369119151957
Romania,320,31.248383994287728,320,31.248383994287728,182,17.89752393341086,208,20.507528572110136,35,1.6264675998041636,46,2.7494947164341244,137,13.898152653331666,207,20.40982128025148,30,1.1596537184660407,46,2.7494947164341244
Russia,34987,1469.9473738228592,4817,398.0848938422171,1101,92.63861555088768,1101,92.63861555088768,1023,85.7950838228622,1023,85.7950838228622,674,50.46496723621838,941,78.27197266553151,652,48.73698754524841,901,74.04299394415219
Rwanda,33,13.077861600904832,33,13.077861600904832,20,4.413546723752246,22,6.440016389518077,17,2.983027440157154,19,5.009497105922986,1,0.6776567842254639,3,3.040541573514779,1,0.6776567842254639,3,3.040541573514779
Saint Kitts and Nevis,1,0.020008018104994137,1,0.020008018104994137,1,0.020008018104994137,1,0.020008018104994137,1,0.020008018104994137,1,0.020008018104994137,0,0.0,0,0.0,0,0.0,0,0.0
Samoa,1,0.06790971091593545,1,0.06790971091593545,0,0.0,0,0.0,0,0.0,0,0.0,0,0.0,0,0.0,0,0.0,0,0.0
Saudi Arabia,13,1.7746466175375408,13,1.7746466175375408,4,0.6622385993079763,5,0.8029624513631345,3,0.6237470289039236,3,0.6237470289039236,1,0.03849157040405274,3,0.7187126962794614,0,0.0,1,0.5394972738202506
Senegal,29,6.601537996375388,29,6.601537996375388,19,2.3359019530917657,19,2.3359019530917657,11,0.5827746763838942,11,0.5827746763838942,1,0.10341977675104261,4,0.2538899949039152,1,0.10341977675104261,4,0.2538899949039152
Sierra Leone,16,1.6873549787929623,16,1.6873549787929623,12,1.0193361513586874,13,1.6018590925957876,8,0.43258898349597663,9,1.0151119247330767,0,0.0,1,0.5825229412371001,0,0.0,1,0.5825229412371001
Singapore,4,0.27511326981257644,4,0.27511326981257644,2,0.08598204226818364,2,0.08598204226818364,2,0.08598204226818364,2,0.08598204226818364,0,0.0,2,0.08598204226818364,0,0.0,2,0.08598204226818364
Slovakia,39,3.8794792409129206,39,3.8794792409129206,21,2.0805439625058475,29,2.190425131406329,10,0.5813071192465126,15,0.6733010575393101,20,2.048106030008118,29,2.190425131406329,10,0.5813071192465126,15,0.6733010575393101
Slovenia,19,0.4348277095007533,19,0.4348277095007533,11,0.2556195998650336,15,0.28106427538281137,7,0.10594279742591227,11,0.13138747294369008,11,0.2556195998650336,15,0.28106427538281137,7,0.10594279742591227,11,0.13138747294369008
Solomon Islands,2,2.298465172494778,2,2.298465172494778,0,0.0,0,0.0,0,0.0,0,0.0,0,0.0,0,0.0,0,0.0,0,0.0
Somalia,7,1.8870118797761508,7,1.8870118797761508,2,0.05411380518866667,2,0.05411380518866667,2,0.05411380518866667,2,0.05411380518866667,0,0.0,0,0.0,0,0.0,0,0.0
South Africa,1000,112.51256939048677,1000,112.51256939048677,305,71.46592351696019,583,76.4680267755238,225,23.704653694641244,472,28.4327375764565,170,40.321147182166754,538,70.8347346565797,129,11.50942307309103,434,26.691675502971577
South Korea,244,19.54277533196929,244,19.54277533196929,80,2.28652054045784,147,2.9240904689774494,66,1.8199848497669822,121,2.0738264753789197,45,1.6388739621583464,120,2.6051423372400664,35,1.2603794181330183,95,1.7983749648154226
South Sudan,200,11.687742849878687,200,11.687742849878687,49,3.218753194740394,49,3.218753194740394,20,0.9119020529809504,20,0.9119020529809504,1,0.15302321407695413,1,0.15302321407695413,1,0.15302321407695413,1,0.15302321407695413
Spain,742,80.91156597541404,742,80.91156597541404,287,43.28040065357136,454,47.245398402301326,138,13.434085661855573,234,15.890197770012882,204,28.4826587714318,444,46.49615293283565,96,9.110210445190278,225,15.150581331775491
Sri Lanka,229,37.52090716283545,229,37.52090716283545,84,6.513232099346604,105,10.987717279837023,77,5.939707919224857,94,9.137960623271917,0,0.0,0,0.0,0,0.0,0,0.0
Sudan,20,29.16191779545907,20,29.16191779545907,10,17.589803451199753,12,28.87050864635304,8,11.83655027985996,10,23.11725547501325,5,16.08892688406536,10,23.162048428952595,4,10.579130034885988,9,17.652251579773225
Suriname,15,5.282904532761613,15,5.282904532761613,6,0.2930828498189182,6,0.2930828498189182,4,0.15397858797789316,4,0.15397858797789316,2,0.08377886083740263,5,0.20897792968259177,2,0.08377886083740263,4,0.15397858797789316
Sweden,3886,232.36573809224316,2897,161.4877481139115,669,18.004353495462375,686,20.110108863258294,570,14.26022419328446,585,15.909765529516218,627,17.141914822137228,683,20.04262045756572,533,13.57494395226103,582,15.842277123823646
Switzerland,103,17.32838009230998,102,17.30052652714881,32,1.4385787582731262,50,1.5161591782821353,29,1.3670365672612863,46,1.4424713249969252,26,0.8980826861308651,50,1.5161591782821353,23,0.8265404951190252,46,1.4424713249969252
Syria,35,15.57017259099642,35,15.57017259099642,15,12.810044478894538,19,14.394345802779966,15,12.810044478894538,19,14.394345802779966,10,1.8677843872401423,19,14.394345802779966,10,1.8677843872401423,19,14.394345802779966
Taiwan,32,1.7820907431764985,32,1.7820907431764985,22,1.3853434990321403,25,1.483210664697181,22,1.3853434990321403,25,1.483210664697181,12,1.1135242821173608,25,1.483210664697181,12,1.1135242821173608,25,1.483210664697181
Tajikistan,43,16.970946446785494,25,16.15736822970545,12,7.834115890888839,14,8.451879879439499,12,7.834115890888839,14,8.451879879439499,3,7.279797411312815,6,7.403360029230916,3,7.279797411312815,6,7.403360029230916
Thailand,359,83.84659524817506,359,83.84659524817506,255,41.79702034394291,258,42.23807061732114,255,41.79702034394291,258,42.23807061732114,90,13.461061364598676,168,18.084269376688113,90,13.461061364598676,168,18.084269376688113
The Bahamas,125,11.553498573941251,125,11.553498573941251,1,0.12024196806951178,1,0.12024196806951178,1,0.12024196806951178,1,0.12024196806951178,1,0.12024196806951178,1,0.12024196806951178,1,0.12024196806951178,1,0.12024196806951178
Togo,6,5.082660475580011,6,5.082660475580011,5,5.074132261837317,5,5.074132261837317,5,5.074132261837317,5,5.074132261837317,1,0.059284139932803036,4,5.053234535560569,1,0.059284139932803036,4,5.053234535560569
Tonga,4,0.3738060027528973,4,0.3738060027528973,1,0.03796519880817839,1,0.03796519880817839,1,0.03796519880817839,1,0.03796519880817839,0,0.0,0,0.0,0,0.0,0,0.0
Trinidad and Tobago,5,0.31499789855005234,5,0.31499789855005234,1,0.008151049224938282,1,0.008151049224938282,1,0.008151049224938282,1,0.008151049224938282,0,0.0,0,0.0,0,0.0,0,0.0
Tunisia,55,17.004131854895245,55,17.004131854895245,31,13.23040766188154,34,13.359291925738647,16,4.637314420642357,19,4.766198684499466,15,5.2923447474183885,31,13.083091350803585,10,2.5589504697637375,18,4.550241752964087
Turkey,623,152.3400609541772,622,152.25091539591648,251,108.07722541082528,511,142.42564055801844,234,100.19045968479035,494,134.53887483198352,186,64.40288623733777,497,134.89686117332724,175,58.73400839899846,480,127.01009544729231
Turkmenistan,121,39.18906954875071,121,39.18906954875071,24,14.488833766544632,24,14.488833766544632,23,14.396754886472717,23,14.396754886472717,8,0.5479037050638952,13,5.709598920387861,8,0.5479037050638952,13,5.709598920387861
Uganda,74,32.65540495134109,74,32.65540495134109,45,17.967930713414763,45,17.967930713414763,40,8.172247480368897,40,8.172247480368897,11,4.167274549206211,34,10.96247434092325,10,1.5243326879642054,30,5.989746976847195
Ukraine,588,81.52673693876923,588,81.52673693876923,328,53.6416633557718,329,53.952554156970315,131,4.282833775157222,131,4.282833775157222,252,35.36442451241052,301,49.62521550195138,106,3.638250397634064,122,4.1521213610693035
United Arab Emirates,1,0.5887773709701661,1,0.5887773709701661,1,0.5887773709701661,1,0.5887773709701661,1,0.5887773709701661,1,0.5887773709701661,0,0.0,1,0.5887773709701661,0,0.0,1,0.5887773709701661
United Kingdom,670,22.766430701342628,670,22.766430701342628,170,3.1988068257648297,289,3.6596545475138886,102,1.5750962472325414,186,1.769376400757782,146,2.5067713633795434,281,3.2932470901664437,88,1.2018436574587217,183,1.6348134797816531
United Republic of Tanzania,100,56.35035061057051,100,56.35035061057051,56,33.39187032549254,57,33.62236772393629,35,8.54343581550292,36,8.773933213946671,5,0.8939043902929615,18,6.177514720249819,5,0.8939043902929615,14,5.966929130580579
United States of America,17395,1950.7880671952862,12838,1796.6276809772644,4156,813.6620264055978,5357,895.3353649781336,3371,467.5667929460041,4486,516.9824152050815,2940,459.37745857039914,5323,874.2018396988675,2381,264.80783216448236,4463,505.7520486274182
Uruguay,39,18.299703808694172,39,18.299703808694172,16,12.425876767819428,18,13.097637704133701,11,8.956834732012371,13,9.628595668326644,8,6.582393068394598,14,12.804885120880549,7,4.208920729577315,12,9.432516882664663
Uzbekistan,130,40.97353235622943,130,40.97353235622943,58,18.10271383619011,58,18.10271383619011,55,15.061508467896624,55,15.061508467896624,8,2.7736571646232138,14,6.001179583908032,8,2.7736571646232138,14,6.001179583908032
Vanuatu,6,0.3922867874803857,6,0.3922867874803857,1,0.02781921976878967,1,0.02781921976878967,1,0.02781921976878967,1,0.02781921976878967,0,0.0,0,0.0,0,0.0,0,0.0
Venezuela,319,73.29062748169618,319,73.29062748169618,92,45.742346146009375,98,48.51136015511084,54,13.919971852492251,57,16.58843472186469,12,3.6269655420448275,43,32.73133950362491,4,1.9220929433820604,19,13.193655071047353
Vietnam,194,66.5987500910281,194,66.5987500910281,125,23.70456936577369,163,53.50015723569458,101,8.557505586707615,125,20.946565227667055,9,4.931251249749085,30,16.06789965186074,8,1.629435618674744,25,4.700526691326268
Yemen,2,0.3717879170358031,2,0.3717879170358031,1,0.09327650070190431,2,0.3717879170358031,1,0.09327650070190431,2,0.3717879170358031,1,0.09327650070190431,2,0.3717879170358031,1,0.09327650070190431,2,0.3717879170358031
Zambia,121,42.43266025729492,121,42.43266025729492,73,20.914024677324523,73,20.914024677324523,34,6.510169519382843,34,6.510169519382843,11,1.5911181096425697,29,6.948129382402534,10,1.4299123040419108,25,5.976073056408242
Zimbabwe,168,34.81593947222227,168,34.81593947222227,43,10.875692216615947,50,17.558672224079473,38,5.05084192343721,44,10.230774647084221,8,0.9089268861192076,31,9.757550403184903,8,0.9089268861192076,29,7.800520907208203
eSwatini,9,2.1855560054323386,9,2.1855560054323386,6,1.5051860549120537,6,1.5051860549120537,3,1.1454369384576584,3,1.1454369384576584,1,0.07202570830595932,3,0.37976988228552433,1,0.07202570830595932,1,0.07202570830595932
